Model,Quality Score,Shape Score,Appearance Score,Semantic Score,MSE (Full),Mean Pixel Diff (Full),Color Similarity (Full),SSIM (Full),PSNR (Full),ROI BBox X1,ROI BBox Y1,ROI BBox X2,ROI BBox Y2,MSE (ROI),Mean Pixel Diff (ROI),Color Similarity (ROI),SSIM (ROI),PSNR (ROI),Silhouette IoU,LPIPS (Full),Semantic Similarity,Vertices,Faces,Watertight,Has Texture,Size X,Size Y,Size Z,Surface Area,Self Intersecting,Mesh Flags
1 (12),28.23,41.35,10.52,87.43,17807.47,115.08,-0.184971,0.019126,5.62,54,142,433,409,13279.06,96.16,-0.148543,0.047449,6.90,0.413475,0.807183,0.748622,280340,501508,No,Yes,0.738292,0.610706,1.000012,3.278309,N/A,not_watertight
2 (509),32.06,41.39,20.40,86.71,10609.08,83.86,-0.074279,0.255849,7.87,46,46,512,512,8618.53,74.19,0.218317,0.308907,8.78,0.413933,0.817161,0.734280,256711,501074,No,Yes,0.888000,1.000015,0.910652,5.052348,N/A,not_watertight
2 (451),23.63,27.80,14.01,84.51,15833.49,104.44,-0.225775,0.059496,6.14,46,118,449,457,8348.90,74.30,0.032382,0.114320,8.91,0.278029,0.883991,0.690101,294230,502676,No,Yes,0.834579,0.759786,1.000152,6.926130,N/A,not_watertight
2 (465),13.30,10.54,10.10,75.24,18847.54,131.61,-0.164318,0.002492,5.38,206,183,329,345,19411.49,134.62,-0.124687,0.016953,5.25,0.105448,1.052916,0.504778,7992,12874,No,Yes,0.999997,0.054122,0.035596,0.053597,N/A,not_watertight
2 (466),32.29,51.62,15.50,77.19,10367.77,86.70,-0.144643,0.139397,7.97,46,94,505,441,8979.58,78.84,-0.063423,0.229022,8.60,0.516206,0.870959,0.543856,272116,501292,No,Yes,0.695933,0.699266,1.000004,2.698631,N/A,not_watertight
2 (447),14.82,13.94,10.28,75.65,27910.92,158.38,-0.140947,0.010717,3.67,102,46,409,457,28405.25,159.29,-0.117402,0.021145,3.60,0.139389,0.998011,0.513096,10616,18570,No,Yes,0.030949,1.000000,0.736863,0.102608,N/A,not_watertight
2 (530),17.88,16.83,12.35,81.06,14042.38,108.71,-0.124377,0.053682,6.66,118,46,409,457,13705.76,103.75,-0.118700,0.115211,6.76,0.168260,0.888572,0.621264,169760,324076,No,Yes,0.717785,0.999998,0.540209,1.231164,N/A,not_watertight
2 (507),32.86,46.47,18.20,84.96,7467.87,59.68,0.021147,0.242621,9.40,54,38,512,512,8929.03,68.15,0.065806,0.285904,8.62,0.464701,0.785913,0.699151,259442,501790,No,Yes,0.991050,0.999976,0.935871,6.149371,N/A,not_watertight
2 (456),15.93,14.72,10.67,78.85,24288.02,153.07,-0.072001,0.002895,4.28,174,46,329,441,22767.78,145.83,-0.057240,0.008741,4.56,0.147197,0.892205,0.576982,3499,5918,No,Yes,0.006010,0.999955,0.335403,0.025652,N/A,not_watertight
2 (531),30.69,41.93,16.89,85.83,7969.97,73.32,-0.210824,0.228944,9.12,70,38,465,505,7032.35,69.55,-0.127954,0.324137,9.66,0.419306,0.772848,0.716669,270375,501378,No,Yes,0.678784,0.999971,0.862313,5.211698,N/A,not_watertight
2 (448),19.49,18.66,12.35,85.45,14812.30,104.70,-0.228968,0.035545,6.42,150,46,361,465,9229.01,79.16,-0.098998,0.105323,8.48,0.186576,0.988765,0.708903,138723,268714,No,Yes,0.390092,1.000000,0.368311,1.180018,N/A,not_watertight
2 (484),21.59,24.15,16.69,76.28,14127.72,101.50,-0.158831,0.104713,6.63,54,166,449,377,8995.29,77.02,-0.158918,0.330699,8.59,0.241484,0.891878,0.525634,157352,304674,No,Yes,0.433140,0.458485,1.000000,1.148312,N/A,not_watertight
1 (1),25.01,34.10,11.57,83.71,15335.68,100.35,-0.227513,0.082303,6.27,46,70,433,473,12908.64,91.08,-0.234371,0.137724,7.02,0.340998,0.869832,0.674161,320447,502889,No,Yes,0.716174,0.998550,0.978009,5.320178,N/A,not_watertight
2 (459),21.49,26.34,11.65,81.47,17224.50,115.32,-0.232045,0.019316,5.77,174,46,345,465,9468.61,80.28,-0.091527,0.069995,8.37,0.263450,0.997634,0.629463,116004,219960,No,Yes,0.348768,1.000000,0.365274,0.880650,N/A,not_watertight
1 (10),19.28,22.03,13.06,76.23,9106.07,79.87,0.092993,0.045834,8.54,46,94,465,401,7771.72,76.63,0.017420,0.079210,9.23,0.220339,0.859575,0.524551,272600,501424,No,Yes,0.451288,0.691221,1.000000,2.443113,N/A,not_watertight
6374153323_7d0417d11b_o,19.09,18.52,11.61,85.18,9051.28,86.94,-0.095233,0.007386,8.56,70,206,473,345,7801.56,77.87,-0.012886,0.028894,9.21,0.185221,0.974909,0.703684,57719,105738,No,Yes,0.490292,0.178990,1.000000,0.430102,N/A,not_watertight
8289565796_4b31087117_o,18.92,21.26,10.96,80.14,24314.38,146.02,-0.160011,0.010233,4.27,158,46,345,473,16885.10,112.65,-0.080982,0.033836,5.86,0.212648,1.160188,0.602708,90725,172304,No,Yes,0.314846,1.000000,0.388040,0.665834,N/A,not_watertight
6348715937_d4e3789b91_o,23.89,24.20,15.24,90.59,3436.99,38.44,0.133274,0.016685,12.77,67,222,414,297,5218.00,49.58,0.152495,0.061606,10.96,0.241990,0.873495,0.811751,34297,59710,No,Yes,0.186361,0.038065,0.999999,0.259821,N/A,not_watertight
6430535711_64bbf6202f_o,18.38,12.28,12.18,93.00,53112.50,217.41,-0.042327,0.035261,0.88,62,118,465,425,42912.59,184.12,-0.052893,0.074383,1.80,0.122762,0.768081,0.860028,129033,249302,No,Yes,0.664868,0.641716,1.000000,0.886938,N/A,not_watertight
372812294_097a28a288_o,22.64,28.94,11.28,82.75,20254.40,133.39,-0.119212,0.014107,5.07,54,198,457,313,12457.82,96.32,-0.121514,0.068556,7.18,0.289424,0.938891,0.655048,46132,86406,No,Yes,0.240399,0.155273,0.999993,0.355643,N/A,not_watertight
5516920825_b5049feefb_o,16.85,14.64,10.35,84.27,24929.58,151.07,-0.100493,0.008906,4.16,46,134,465,377,25121.47,149.48,-0.109718,0.020562,4.13,0.146440,0.939966,0.685403,60349,112206,No,Yes,0.187669,0.564309,0.999993,0.452156,N/A,not_watertight
12134977656_3e56035695_o,16.38,10.11,10.87,89.93,31578.28,159.58,-0.125592,0.024391,3.14,62,110,449,425,25975.08,136.22,-0.122397,0.050310,3.99,0.101142,0.753062,0.798555,123354,235022,No,Yes,0.339986,0.588253,1.000000,0.851611,N/A,not_watertight
8369402627_6a670d0570_o,18.55,22.82,9.39,78.34,12498.57,94.86,-0.090995,0.011469,7.16,70,182,417,369,18165.63,121.53,-0.235568,0.040392,5.54,0.228242,0.945668,0.566757,91868,174276,No,Yes,0.999991,0.144088,0.854173,0.747152,N/A,not_watertight
377916126_5ed693017f_o,22.38,24.90,10.59,90.92,42135.81,188.29,-0.108431,0.028802,1.88,46,118,465,401,28775.09,140.80,-0.174146,0.063683,3.54,0.249017,0.761482,0.818399,99515,189974,No,Yes,0.215793,0.682906,1.000000,0.815429,N/A,not_watertight
3237385926_71b8d52c79_o,23.85,23.38,19.31,83.86,47076.18,211.02,-0.054672,0.005406,1.40,190,166,321,345,22559.91,121.45,0.648895,0.044467,4.60,0.233833,0.840463,0.677168,31714,58690,No,Yes,1.000000,0.122808,0.145504,0.223489,N/A,not_watertight
2755336697_34bb70b419_o,26.01,34.92,11.55,87.11,20084.71,121.93,-0.163829,0.050331,5.10,46,70,465,465,19481.04,117.70,-0.115672,0.077762,5.23,0.349169,0.880657,0.742179,177296,338784,No,Yes,0.691619,0.824903,1.000012,1.194312,N/A,not_watertight
6342745960_f1c9ac8454_o,18.27,12.99,11.43,92.49,42295.54,188.84,-0.082537,0.028061,1.87,46,102,457,409,31006.23,152.63,-0.087530,0.058057,3.22,0.129854,0.869127,0.849785,83999,158354,No,Yes,0.147490,0.734448,0.999997,0.663473,N/A,not_watertight
5265575186_3f748cb990_o,20.67,18.46,16.52,83.40,7007.79,66.84,0.058095,0.021811,9.67,150,166,353,377,4881.31,54.06,0.219375,0.071556,11.25,0.184562,0.988783,0.667918,59232,111776,No,Yes,1.000000,0.177489,0.364577,0.435878,N/A,not_watertight
8692152662_fcffbde0ec_o,24.04,30.77,12.98,82.71,18253.47,121.66,-0.081105,0.020314,5.52,46,110,441,401,12902.79,92.21,0.075062,0.046564,7.02,0.307661,0.894112,0.654148,165550,302380,No,Yes,0.149330,0.678097,1.000015,1.283061,N/A,not_watertight
1841488509_9a2e18f4d0_o,16.25,14.03,10.27,82.64,28922.74,157.54,-0.223106,0.006184,3.52,182,174,337,361,18859.61,121.81,-0.157223,0.040695,5.38,0.140310,0.827801,0.652776,39310,73918,No,Yes,0.999991,0.142985,0.144112,0.301347,N/A,not_watertight
14694970499_b8568c5554_o,17.30,17.00,11.66,79.20,22276.32,130.34,-0.237681,0.046712,4.65,166,62,417,512,20457.17,120.12,-0.167010,0.108352,5.02,0.170022,0.927227,0.584058,166957,321604,No,Yes,0.999999,0.831732,0.526267,1.170163,N/A,not_watertight
6432093093_d5ec72aa6a_o,21.85,26.57,10.92,84.29,19978.99,121.36,-0.262964,0.079754,5.13,46,46,512,457,18742.27,113.61,-0.235554,0.109072,5.40,0.265716,0.819311,0.685705,262574,501302,No,Yes,0.877272,0.999994,0.958382,2.121222,N/A,not_watertight
478736017_574735d556_o,34.74,49.29,20.46,84.21,14151.14,99.56,-0.037941,0.178631,6.62,78,38,417,497,8107.86,67.91,0.235937,0.302592,9.04,0.492923,0.825658,0.684202,263481,501144,No,Yes,1.000026,0.943852,0.715414,3.325981,N/A,not_watertight
2813471684_d29f128432_o,27.47,39.99,14.42,78.51,7573.91,68.39,-0.065106,0.116577,9.34,70,102,473,465,7464.74,69.57,-0.099235,0.198449,9.40,0.399861,0.801019,0.570206,258030,501078,No,Yes,0.999994,0.723426,0.828655,2.579009,N/A,not_watertight
96274264_f0b3b6ec29_o,32.39,48.27,15.24,84.91,4413.73,55.92,-0.011475,0.090347,11.68,126,38,393,512,4481.50,56.79,-0.116990,0.163411,11.62,0.482708,0.748097,0.698181,176552,337900,No,Yes,0.997076,1.000009,0.488448,1.234930,N/A,not_watertight
17008632047_b8ce20175c_o,31.30,42.59,16.17,88.99,5240.58,54.44,-0.044237,0.172368,10.94,62,62,457,489,4865.33,54.35,-0.183906,0.256619,11.26,0.425936,0.719603,0.779814,257933,501642,No,Yes,0.676142,0.902034,0.999981,2.577524,N/A,not_watertight
5342605094_98de160b86_o,22.64,24.86,16.13,81.20,9418.85,86.16,-0.144624,0.123582,8.39,38,94,465,401,6709.31,69.91,-0.044032,0.247904,9.86,0.248633,0.858996,0.623973,260254,501674,No,Yes,0.970733,0.864439,0.999981,3.427183,N/A,not_watertight
16943857_706887a2dc_o,24.01,31.62,16.11,74.60,8746.31,80.03,-0.005881,0.120761,8.71,54,78,465,449,8236.65,75.71,0.052867,0.198726,8.97,0.316184,0.832416,0.491988,260112,501540,No,Yes,0.384341,0.828364,1.000013,2.124799,N/A,not_watertight
3775309316_6b34599913_o,30.34,44.35,12.93,87.13,10167.60,88.50,-0.152181,0.066108,8.06,102,46,385,512,10103.74,86.29,-0.093316,0.128662,8.09,0.443493,0.878101,0.742691,260418,500812,No,Yes,0.864250,0.999991,0.634366,2.073531,N/A,not_watertight
2881810767_9e61f39c1d_o,23.69,30.14,11.80,84.56,11946.34,83.59,-0.141836,0.077136,7.36,46,62,497,497,9804.23,77.05,-0.140055,0.100967,8.22,0.301443,0.808867,0.691156,262392,501358,No,Yes,0.867402,0.986797,1.000018,2.783888,N/A,not_watertight
12503956853_9ffce73d29_o,21.29,24.70,17.58,71.90,3523.80,44.91,0.293892,0.052069,12.66,62,134,441,417,4148.06,47.55,0.262213,0.062454,11.95,0.246997,0.737770,0.437923,220611,418530,No,Yes,0.628292,0.556441,1.000000,1.557073,N/A,not_watertight
4263935274_daffe02247_o,27.69,40.62,14.17,78.88,27052.62,142.06,-0.087289,0.084143,3.81,126,46,401,512,14448.54,95.53,-0.069175,0.172257,6.53,0.406170,0.853071,0.577633,262972,501110,No,Yes,0.750569,1.000000,0.536297,2.315039,N/A,not_watertight
2436995155_033615b41f_o,26.77,35.17,15.65,82.23,17889.85,112.06,-0.194972,0.165901,5.60,62,46,393,465,11691.43,91.45,-0.217689,0.313171,7.45,0.351711,0.859404,0.644579,276662,501704,No,Yes,0.889053,0.999979,0.813291,3.388535,N/A,not_watertight
5098748633_ef76881897_o,24.93,32.18,15.33,79.65,14481.11,108.32,-0.149013,0.104465,6.52,46,142,481,393,9910.74,86.94,-0.122323,0.250827,8.17,0.321762,0.898387,0.593033,188045,361668,No,Yes,0.539217,0.411748,0.999987,1.366316,N/A,not_watertight
3329443197_50fbfd35eb_o,31.42,46.58,18.07,77.79,6911.19,70.73,0.286817,0.168326,9.74,126,38,401,489,7233.86,74.98,0.183047,0.221425,9.54,0.465771,0.872323,0.555840,245042,473966,No,Yes,0.629941,0.999997,0.653307,1.795645,N/A,not_watertight
2460608097_9647d5e2d5_o,20.04,22.60,14.38,76.22,19610.41,120.02,-0.060542,0.033039,5.21,62,182,457,345,6085.63,67.00,0.042455,0.111563,10.29,0.225994,0.894078,0.524385,129711,244496,No,Yes,0.394016,0.290568,0.999988,1.006193,N/A,not_watertight
8126289047_c3a3e90202_o,24.46,31.13,12.46,85.13,12852.85,93.26,-0.099720,0.028279,7.04,54,150,457,401,8974.77,75.94,-0.000629,0.061119,8.60,0.311271,0.813023,0.702647,288128,502134,No,Yes,0.659701,0.503981,1.000000,3.689004,N/A,not_watertight
9033225599_4343dde24b_o,20.67,19.90,13.86,85.85,13138.79,96.53,-0.142521,0.021579,6.95,70,134,433,385,7421.18,66.86,0.137085,0.055114,9.43,0.199040,0.853765,0.716912,294570,502522,No,Yes,0.999980,0.568529,0.997210,4.084417,N/A,not_watertight
296064267_cfd3ed3b62_o,19.83,21.63,14.19,77.50,18368.23,115.03,-0.187427,0.164745,5.49,38,62,489,441,10845.41,85.01,-0.230526,0.253817,7.78,0.216312,0.823774,0.550030,259828,501984,No,Yes,0.946922,0.864061,0.999963,3.696848,N/A,not_watertight
15108268883_4e203a80e0_o,22.53,30.60,11.50,78.44,6179.33,57.99,0.251383,0.027422,10.22,54,142,465,377,8553.46,71.67,-0.028708,0.031668,8.81,0.306019,0.796053,0.568801,301098,501808,No,Yes,0.630254,0.404306,1.000015,2.528398,N/A,not_watertight
4573302817_d8b8fefae6_o,17.25,18.13,11.14,77.73,14495.99,100.53,-0.225214,0.021360,6.52,62,118,473,393,8409.81,72.47,-0.091252,0.046976,8.88,0.181272,0.869073,0.554596,281876,501486,No,Yes,0.698226,0.554369,0.999989,1.893865,N/A,not_watertight
2689230108_a2dd17e1a5_o,26.40,30.21,20.45,80.70,10373.66,79.07,0.651831,0.061939,7.97,54,158,449,337,5882.78,57.03,0.648930,0.073840,10.43,0.302085,0.833796,0.613934,285855,502058,No,Yes,0.999969,0.424166,0.552000,2.839865,N/A,not_watertight
303541113_5f94409315_o,25.37,27.44,20.48,81.01,2085.27,33.41,-0.007402,0.071305,14.94,54,145,449,409,2726.32,37.57,0.167717,0.148926,13.78,0.274392,0.656157,0.620101,297074,503102,No,Yes,0.999990,0.577413,0.921687,5.320312,N/A,not_watertight
4072657213_31b23fee4f_o,22.66,28.27,14.60,77.55,13237.42,91.92,0.135841,0.025109,6.91,110,110,417,441,9558.56,75.45,0.209520,0.052075,8.33,0.282727,0.836779,0.551024,281439,502468,No,Yes,0.999981,0.599877,0.689277,3.893576,N/A,not_watertight
6251886823_8074e7047b_o,25.56,35.50,11.46,83.86,12770.26,87.23,-0.040176,0.033457,7.07,54,102,441,425,12425.46,82.67,-0.073416,0.052595,7.19,0.355030,0.734628,0.677295,292961,502742,No,Yes,1.000129,0.869191,0.883830,4.983857,N/A,not_watertight
3536731831_99a9ec16ed_o,18.86,24.11,7.88,80.30,13957.86,104.99,-0.270986,0.017200,6.68,70,150,441,409,13214.38,96.08,-0.381600,0.045540,6.92,0.241146,0.886150,0.606079,298125,501862,No,Yes,0.999986,0.342923,0.916424,3.302616,N/A,not_watertight
163823652_b5a4ae230c_o,20.07,25.77,10.83,77.15,15522.50,106.79,-0.298902,0.015915,6.22,102,142,457,401,10915.63,83.64,-0.111433,0.042921,7.75,0.257688,0.924012,0.543093,299918,502042,No,Yes,0.999919,0.409994,0.473409,3.100558,N/A,not_watertight
15729204092_1e76171ccf_o,34.08,47.55,18.74,87.80,9012.52,69.98,0.953464,0.102745,8.58,54,70,481,425,12322.91,93.56,0.602366,0.042162,7.22,0.475455,0.677899,0.756035,313966,503050,No,Yes,0.976796,0.827545,1.000017,5.820201,N/A,not_watertight
2886509057_685afebd62_o,23.66,30.35,13.30,81.00,12123.32,87.81,-0.141094,0.052308,7.29,62,142,433,401,8958.96,72.43,-0.069247,0.133181,8.61,0.303455,0.812962,0.620018,276989,501686,No,Yes,0.537945,0.415483,0.999995,2.424511,N/A,not_watertight
5229856292_54e9ed721a_o,16.82,12.21,15.36,78.95,6792.70,63.19,-0.053348,0.046191,9.81,46,150,481,393,4411.29,50.59,0.019913,0.097201,11.69,0.122136,0.765537,0.579003,295478,501930,No,Yes,0.417970,0.407188,0.999967,2.705950,N/A,not_watertight
blood_12,25.23,32.04,13.98,84.13,8153.17,68.40,-0.018673,0.116059,9.02,70,46,401,512,9231.37,79.09,-0.095037,0.176524,8.48,0.320353,0.738667,0.682658,268645,501244,No,Yes,0.770210,1.000000,0.855929,2.235391,N/A,not_watertight
blood_124,22.56,28.85,11.75,81.58,12856.39,89.41,-0.401015,0.173863,7.04,38,46,481,512,9621.82,74.98,-0.383780,0.220813,8.30,0.288476,0.716658,0.631567,261854,501980,No,Yes,0.790714,0.999968,0.998043,4.417118,N/A,not_watertight
blood_311,35.56,54.45,15.83,87.23,5619.98,48.31,0.269609,0.109287,10.63,46,70,505,481,6212.95,53.62,0.168041,0.118251,10.20,0.544537,0.551597,0.744517,218280,415808,No,Yes,0.616083,0.744384,0.999992,1.567870,N/A,not_watertight
blood_3,28.49,39.84,12.43,87.89,6759.13,60.30,-0.111360,0.096579,9.83,62,46,465,497,8185.82,69.28,-0.144740,0.131811,9.00,0.398384,0.701146,0.757889,260279,501308,No,Yes,0.709304,0.999997,0.939605,2.623930,N/A,not_watertight
blood_101,22.34,30.73,12.96,74.33,17523.39,109.32,-0.170539,0.105966,5.69,70,54,465,512,12328.10,86.83,-0.140864,0.153542,7.22,0.307274,0.833826,0.486503,261796,501164,No,Yes,0.983655,1.000013,0.814408,2.613463,N/A,not_watertight
blood_305,17.34,15.35,13.23,79.54,13646.67,100.22,-0.147060,0.066846,6.78,94,54,473,441,9845.30,80.77,-0.046488,0.118779,8.20,0.153521,0.793971,0.590853,273996,501456,No,Yes,0.919922,0.999966,0.817094,2.675701,N/A,not_watertight
blood_361,24.59,32.82,11.78,83.74,6507.15,58.35,-0.087098,0.048387,10.00,54,134,489,409,6591.47,62.06,-0.112993,0.086659,9.94,0.328180,0.645210,0.674711,259647,493260,No,Yes,0.591301,0.582146,1.000002,1.870532,N/A,not_watertight
blood_121,26.28,35.65,12.43,85.24,8188.99,67.22,-0.039183,0.080262,9.00,46,78,465,497,9791.87,76.06,-0.099043,0.108905,8.22,0.356509,0.724996,0.704845,270026,501206,No,Yes,0.738468,0.868420,0.999984,2.182755,N/A,not_watertight
blood_111,36.68,47.73,27.11,83.74,6528.90,49.00,0.989542,0.324082,9.98,54,110,425,401,6831.85,56.51,0.965680,0.237130,9.79,0.477318,0.658903,0.674721,258997,501040,No,Yes,0.908814,0.761303,1.000000,2.112106,N/A,not_watertight
blood_16,19.72,21.94,13.11,78.49,22747.31,131.09,-0.158570,0.081589,4.56,54,102,465,457,16484.32,104.78,-0.113829,0.147033,5.96,0.219393,0.882216,0.569839,258993,501400,No,Yes,0.971921,0.726039,0.999987,3.044641,N/A,not_watertight
blood_20,23.53,28.63,15.77,78.85,7205.77,68.06,0.033196,0.108158,9.55,46,46,465,465,6428.18,65.25,0.103646,0.155477,10.05,0.286326,0.779622,0.577017,344845,501360,No,Yes,0.949717,1.000060,0.908906,3.262771,N/A,not_watertight
blood_226,28.11,32.36,21.65,82.55,3860.94,40.84,0.598424,0.173642,12.26,62,46,433,473,3433.78,41.72,0.314907,0.178321,12.77,0.323571,0.693078,0.650953,261342,501296,No,Yes,0.713914,0.999981,0.908277,2.646760,N/A,not_watertight
blood_227,35.41,60.24,13.44,79.67,9774.62,81.29,0.108846,0.067568,8.23,126,46,377,465,9274.77,77.08,-0.058728,0.134134,8.46,0.602424,0.852929,0.593395,174982,334688,No,Yes,0.309212,1.000000,0.580745,1.256890,N/A,not_watertight
blood_32,23.68,28.58,11.63,87.96,5561.96,58.95,-0.072579,0.041442,10.68,46,110,417,393,6724.59,65.77,-0.104191,0.075571,9.85,0.285787,0.695694,0.759153,270879,501024,No,Yes,0.687708,0.646094,0.999998,2.031764,N/A,not_watertight
blood_104,36.95,56.18,20.85,80.69,5600.40,51.84,0.813592,0.172441,10.65,46,38,377,489,8127.91,71.10,0.528561,0.174026,9.03,0.561798,0.611678,0.613739,276880,501436,No,Yes,0.985122,0.999981,0.940903,3.843920,N/A,not_watertight
6335230273_b701b971d3_z,24.28,33.74,10.46,83.01,14761.37,106.89,-0.222460,0.038459,6.44,38,118,465,425,14259.65,99.84,-0.210225,0.076007,6.59,0.337396,0.863682,0.660142,226772,422258,No,Yes,0.384791,0.592952,0.999985,1.939386,N/A,not_watertight
2399684612_0c848312d7_z,24.49,33.40,11.49,82.68,14685.95,102.02,-0.134944,0.012904,6.46,46,134,465,385,12607.93,89.24,-0.028500,0.031114,7.12,0.334017,0.912112,0.653635,203431,372336,No,Yes,0.399533,0.456280,1.000000,1.632664,N/A,not_watertight
14786173021_d1a80785d7_z,24.94,33.23,13.48,81.27,11803.57,90.40,-0.152199,0.059000,7.41,110,46,393,449,9788.94,80.65,-0.056009,0.134533,8.22,0.332283,0.896175,0.625437,19610,34342,No,Yes,0.772585,1.000000,0.646216,2.058583,N/A,not_watertight
7471289382_5c7b7561cf_z,24.89,29.90,15.55,83.57,14558.39,95.65,0.205090,0.061776,6.50,46,86,481,465,10183.70,80.93,0.212139,0.093539,8.05,0.298968,0.799062,0.671488,277296,501392,No,Yes,0.692575,0.781679,1.000005,2.903081,N/A,not_watertight
480930072_5ea673d155_z,22.63,31.08,10.10,80.78,9175.92,82.44,-0.184286,0.029565,8.50,70,46,433,481,9562.31,83.64,-0.185479,0.047119,8.33,0.310841,0.832903,0.615611,269694,500982,No,Yes,0.767356,0.999996,0.761308,2.285912,N/A,not_watertight
4671966257_b423957d1a_z,19.92,25.62,9.80,78.74,9921.44,80.10,-0.160974,0.006156,8.17,54,141,473,385,9341.84,77.76,-0.142761,0.012261,8.43,0.256242,0.979089,0.574748,93525,172152,No,Yes,1.000012,0.549597,0.328485,0.685408,N/A,not_watertight
4867212771_b084d96965_z,20.22,20.38,13.09,84.17,26679.10,147.66,-0.181060,0.082380,3.87,54,126,473,393,16176.61,105.10,-0.209726,0.193911,6.04,0.203819,0.903184,0.683420,284922,501654,No,Yes,0.929204,0.636672,0.999966,2.982167,N/A,not_watertight
7933918534_b2af473b5c_z,23.01,31.88,10.18,80.94,15795.28,111.03,-0.265458,0.012961,6.15,54,118,457,401,9420.78,82.38,-0.142730,0.029529,8.39,0.318820,0.920975,0.618710,244269,452406,No,Yes,0.417738,0.628130,0.999979,1.800535,N/A,not_watertight
15899239397_58d15ff2ac_z,25.42,33.10,15.95,79.00,17596.38,110.65,0.274620,0.051482,5.68,38,134,473,417,14118.38,95.00,0.275990,0.079601,6.63,0.331023,0.893344,0.580003,189067,343502,No,Yes,1.000002,0.456641,0.476141,1.333917,N/A,not_watertight
7622931096_0cfddb02da_z,19.91,23.47,10.40,81.82,7852.06,72.95,-0.162097,0.036515,9.18,38,102,465,425,9278.05,75.37,-0.198911,0.067441,8.46,0.234743,0.900622,0.636392,275244,501458,No,Yes,0.344935,0.708510,1.000009,2.220114,N/A,not_watertight
3438157727_8c468cb7fd_z,25.85,35.74,11.35,85.08,15807.00,108.64,-0.240744,0.067108,6.14,94,70,457,505,14258.97,99.03,-0.200986,0.111170,6.59,0.357411,0.853204,0.701569,262571,501438,No,Yes,0.999995,0.901320,0.556043,2.962866,N/A,not_watertight
8414290992_86b6cef11e_z,11.79,8.65,9.41,72.85,30594.28,165.26,-0.162149,0.002648,3.27,38,94,512,473,30792.75,165.72,-0.160361,0.003759,3.25,0.086463,0.985191,0.457052,49748,84602,No,Yes,0.610703,0.729413,1.000000,0.396161,N/A,not_watertight
8048270935_a537c66d23_z,20.54,25.54,10.05,81.53,8781.98,81.68,-0.173661,0.018563,8.69,46,110,481,457,8691.21,80.21,-0.156667,0.030632,8.74,0.255369,0.826086,0.630700,275557,501122,No,Yes,0.999972,0.698587,0.451191,1.989047,N/A,not_watertight
8104667457_48a6a1f40a_z,22.28,20.44,18.87,82.78,25670.60,132.28,0.573622,0.061745,4.04,54,102,457,409,17889.55,106.63,0.595715,0.051358,5.60,0.204427,0.959704,0.655647,232811,445040,No,Yes,0.999991,0.722172,0.937500,1.690823,N/A,not_watertight
7980555696_3c7aab76d8_z,18.03,19.42,11.87,77.57,23033.76,131.72,-0.198672,0.046687,4.51,54,126,489,457,13082.48,94.58,-0.101522,0.084966,6.96,0.194152,0.878355,0.551455,288090,502528,No,Yes,0.999929,0.647472,0.926783,4.694476,N/A,not_watertight
1d9be0bb-b696-4e97-9d58-2bc06dd435ff-m,23.66,36.57,9.83,75.49,13450.98,95.80,-0.199666,0.038566,6.84,62,62,457,512,11099.95,85.52,-0.228131,0.056266,7.68,0.365735,0.819867,0.509812,290596,501726,No,Yes,0.999968,0.876272,0.837108,3.198056,N/A,not_watertight
Honto_bunkai-Street_fighting,19.86,21.46,16.69,73.02,12233.69,91.45,0.255497,0.044489,7.26,54,62,489,449,8014.80,73.25,0.369190,0.066630,9.09,0.214606,0.881246,0.460389,293273,501624,No,Yes,0.919630,0.887850,1.000013,2.537934,N/A,not_watertight
football-factory-the-blu-ray_khe-2ffootballfactorytheblu-ray-2ffootballfactory-001-1-jpg,27.84,31.88,21.75,81.96,9290.56,72.24,0.870601,0.079912,8.45,54,102,425,409,12249.76,87.64,0.862875,0.047239,7.25,0.318808,0.823958,0.639106,259687,471206,No,Yes,0.753720,0.658848,1.000000,1.672924,N/A,not_watertight
two-angry-women-in-road-rage-fight,17.71,19.39,10.46,78.85,15361.31,107.97,-0.153983,0.014886,6.27,46,62,457,433,11792.31,91.89,-0.107230,0.024158,7.41,0.193877,0.903184,0.576950,289295,502002,No,Yes,0.373873,0.932133,1.000003,2.722657,N/A,not_watertight
street-fight,27.37,30.34,20.34,85.47,15719.08,100.85,0.668170,0.054177,6.17,38,78,449,449,12631.78,88.57,0.685539,0.072382,7.12,0.303423,0.794067,0.709478,303654,503005,No,Yes,0.566712,0.856014,1.000088,4.805922,N/A,not_watertight
539361489_4b1400107e_o,22.58,31.08,9.85,81.05,17716.79,115.23,-0.263685,0.016611,5.65,46,142,457,377,14030.09,102.34,-0.190314,0.038438,6.66,0.310848,0.882709,0.620913,149336,283454,No,Yes,0.326854,0.553725,1.000002,1.031082,N/A,not_watertight
309509,17.53,18.47,9.96,80.81,15388.20,111.34,-0.192600,0.016916,6.26,70,118,409,473,13794.36,103.90,-0.171933,0.034123,6.73,0.184687,0.931596,0.616143,13211,21736,No,Yes,0.527816,0.651134,1.000011,0.585674,N/A,not_watertight
hqdefault,21.53,30.35,9.07,78.83,12777.73,91.55,0.600117,0.116877,7.07,38,86,489,401,13794.25,100.70,-0.341651,0.079083,6.73,0.303520,0.828323,0.576673,279751,501812,No,Yes,0.681772,0.762528,0.999978,2.655391,N/A,not_watertight
road-rage-4,17.55,18.91,10.54,78.87,16874.44,114.29,-0.240178,0.028884,5.86,46,86,457,441,12759.26,94.54,-0.154192,0.051394,7.07,0.189128,0.886922,0.577487,244554,465294,No,Yes,0.681438,0.736258,1.000000,1.683579,N/A,not_watertight
getImage,17.31,19.38,9.86,78.07,15790.49,110.56,-0.233635,0.015273,6.15,46,158,449,385,8769.37,80.77,-0.193408,0.040500,8.70,0.193817,0.892130,0.561473,163562,298870,No,Yes,0.744006,0.483035,1.000000,1.062006,N/A,not_watertight
parent,18.62,22.45,11.98,74.25,9699.48,82.28,-0.163065,0.064019,8.26,70,46,449,505,8406.07,76.09,-0.112143,0.095347,8.88,0.224521,0.764853,0.484912,289088,501650,No,Yes,0.580109,0.933906,0.999989,2.801353,N/A,not_watertight
maxresdefault,16.93,16.85,11.52,77.90,16308.71,117.16,-0.179970,0.042830,6.01,62,102,441,433,12958.73,100.57,-0.143041,0.089727,7.01,0.168528,0.883518,0.558056,184912,330566,No,Yes,0.616280,0.734890,1.000049,1.192724,N/A,not_watertight
2017062293400,23.06,27.72,12.83,84.20,9505.01,87.43,-0.130993,0.073043,8.35,46,70,457,465,9245.06,84.01,-0.080035,0.117218,8.47,0.277151,0.883306,0.683925,281878,501522,No,Yes,0.556338,0.890010,1.000010,2.532795,N/A,not_watertight
blow1,20.10,28.05,10.15,74.10,20447.11,126.17,-0.220414,0.013091,5.02,126,78,353,481,14581.05,100.35,-0.158500,0.036138,6.49,0.280539,0.862020,0.481965,157126,299876,No,Yes,0.999982,0.829551,0.511143,1.071219,N/A,not_watertight
boxe_de_rue_-_eric_quequet_-_coup_de_genou_self_defense,22.29,23.67,12.71,88.70,14531.00,110.99,-0.120257,0.084934,6.51,54,62,457,441,12397.85,97.35,-0.148425,0.145959,7.20,0.236655,0.855031,0.774067,265211,501468,No,Yes,1.000013,0.999874,0.937583,3.002234,N/A,not_watertight
Datacluster Cracked Screen (208),27.88,37.04,14.68,85.94,6810.19,70.23,-0.091508,0.074228,9.80,78,46,425,489,7086.39,70.39,0.080347,0.120322,9.63,0.370376,0.801570,0.718739,258706,500750,No,Yes,0.940911,0.999991,0.787740,1.825187,N/A,not_watertight
Datacluster Cracked Screen (103),32.66,49.78,14.20,85.36,17325.78,117.33,-0.288369,0.080237,5.74,54,142,449,377,10251.33,80.44,-0.178838,0.228453,8.02,0.497820,0.864088,0.707125,113088,217830,No,Yes,0.058130,0.512194,0.999999,1.076527,N/A,not_watertight
Datacluster Cracked Screen (205),23.66,29.75,15.55,77.68,8330.14,75.47,-0.163199,0.067321,8.92,46,182,465,329,8435.03,75.16,-0.142872,0.271213,8.87,0.297522,0.787252,0.553640,66747,127632,No,Yes,1.000006,0.296082,0.044580,0.605617,N/A,not_watertight
Datacluster Cracked Screen (144),26.76,21.36,26.75,87.60,10259.20,77.19,-0.075827,0.133752,8.02,54,166,481,385,3822.12,39.03,0.426530,0.374936,12.31,0.213645,0.818717,0.752083,167748,322424,No,Yes,0.754403,0.263464,1.000000,1.250049,N/A,not_watertight
Datacluster Cracked Screen (206),26.60,35.15,15.57,81.55,12531.51,93.87,-0.229960,0.054662,7.15,46,142,449,377,8041.06,67.73,0.103079,0.149288,9.08,0.351457,0.834451,0.631031,178725,325072,No,Yes,0.130317,0.529858,1.000002,1.453604,N/A,not_watertight
Datacluster Cracked Screen (260),21.99,16.18,22.99,81.59,1227.50,31.72,-0.072648,0.034358,17.24,182,141,305,377,1406.10,33.22,0.002413,0.200587,16.65,0.161782,0.762009,0.631748,53284,100716,No,Yes,0.999985,0.378145,0.187582,0.430183,N/A,not_watertight
Datacluster Cracked Screen (231),27.94,31.21,21.87,83.55,18917.99,110.20,-0.194508,0.071347,5.36,150,46,353,449,3350.04,46.86,0.223375,0.228471,12.88,0.312077,0.800729,0.671055,108478,208486,No,Yes,0.477281,0.999993,0.030363,0.942771,N/A,not_watertight
Datacluster Cracked Screen (131),28.68,29.23,23.98,86.96,8661.05,69.10,0.341219,0.095524,8.76,142,46,369,457,2557.18,38.56,0.285530,0.233576,14.05,0.292290,0.779018,0.739300,125312,240258,No,Yes,0.091212,1.000012,0.514836,1.159957,N/A,not_watertight
Datacluster Cracked Screen (178),34.59,53.39,16.91,82.34,15573.42,111.66,-0.139085,0.090530,6.21,46,142,457,377,5671.73,54.95,-0.033606,0.247971,10.59,0.533941,0.834564,0.646889,157069,303200,No,Yes,0.387026,0.389147,1.000000,1.127606,N/A,not_watertight
Datacluster Cracked Screen (105),27.88,37.39,14.69,85.22,16301.03,107.87,-0.212066,0.091757,6.01,62,102,425,417,9994.75,72.22,-0.098616,0.210405,8.13,0.373883,0.817873,0.704343,127256,243654,No,Yes,0.078318,0.763028,1.000009,1.164332,N/A,not_watertight
Datacluster Cracked Screen (221),30.74,43.79,16.86,82.39,21644.20,121.79,0.194015,0.049697,4.78,140,177,425,361,8674.00,60.81,0.140762,0.188401,8.75,0.437919,0.881589,0.647856,38327,66772,No,Yes,0.999986,0.069563,0.552395,1.765714,N/A,not_watertight
Datacluster Cracked Screen (1),32.52,42.97,18.05,90.55,15859.61,111.84,-0.084808,0.033892,6.13,150,46,353,465,8385.09,69.10,0.419914,0.102195,8.90,0.429713,0.877949,0.810934,119812,231484,No,Yes,0.490414,0.999992,0.331699,0.931391,N/A,not_watertight
Datacluster Cracked Screen (127),24.38,31.31,11.85,85.58,17292.53,112.04,-0.360057,0.104136,5.75,70,46,465,465,13837.70,98.67,-0.263480,0.164978,6.72,0.313101,0.860883,0.711629,168750,317368,No,Yes,0.451585,1.000000,0.968253,1.389786,N/A,not_watertight
Datacluster Cracked Screen (240),26.20,33.04,14.75,85.43,10111.48,85.07,-0.202671,0.072189,8.08,142,46,369,449,5702.17,59.60,-0.139736,0.205166,10.57,0.330414,0.781448,0.708531,155088,297700,No,Yes,0.156737,1.000007,0.520749,1.369513,N/A,not_watertight
Datacluster Cracked Screen (136),28.36,36.85,15.31,87.46,5157.15,55.92,-0.117642,0.058035,11.01,94,78,441,481,4241.87,49.26,-0.013543,0.103015,11.86,0.368478,0.669882,0.749269,237292,461978,No,Yes,0.999982,0.766216,0.634219,1.729820,N/A,not_watertight
6395024177_81fa2847c3_o,19.12,14.46,18.38,79.90,18909.38,115.89,0.315169,0.025837,5.36,62,134,433,449,13620.31,96.57,0.575736,0.039398,6.79,0.144616,0.868525,0.598009,184258,324064,No,Yes,0.602541,0.595623,0.999963,1.232950,N/A,not_watertight
2249564736_d42d4caede_o,19.49,27.20,8.74,75.55,11050.81,92.62,-0.206879,0.011833,7.70,54,86,457,417,12294.92,94.39,-0.259509,0.023076,7.23,0.272041,0.925898,0.510948,95626,171314,No,Yes,0.150564,0.783192,1.000007,0.703906,N/A,not_watertight
3054017065_8d9ab6df01_o,25.10,32.42,12.41,85.86,9333.84,89.62,-0.108468,0.031191,8.43,70,173,449,377,8494.68,77.70,-0.089674,0.103295,8.84,0.324247,0.886303,0.717242,196302,372682,No,Yes,1.000006,0.164303,0.920131,1.549117,N/A,not_watertight
5382870740_471ca1b808_o,27.42,39.69,9.99,87.76,28627.03,148.13,0.003055,0.013137,3.56,46,174,449,393,26561.59,141.01,-0.125798,0.012390,3.89,0.396879,0.901038,0.755145,87068,153692,No,Yes,0.451701,0.440474,1.000032,0.599676,N/A,not_watertight
12992937843_396732f798_o,21.46,25.98,8.93,87.47,24476.14,136.94,-0.290679,0.037714,4.24,38,46,473,449,20743.43,126.11,-0.303758,0.053857,4.96,0.259761,0.793422,0.749478,146360,270230,No,Yes,0.088444,0.959112,1.000015,1.079829,N/A,not_watertight
15149278572_534337cae9_o,20.60,22.31,13.09,82.21,12111.97,92.41,-0.136004,0.047502,7.30,46,110,449,417,6282.95,63.51,-0.037531,0.100178,10.15,0.223101,0.827522,0.644283,175023,331494,No,Yes,0.153681,0.713455,1.000002,1.455639,N/A,not_watertight
8265656003_0bb911d34d_o,26.01,36.52,13.68,79.64,16345.26,116.51,-0.019723,0.048719,6.00,78,46,425,497,17887.34,120.40,0.068811,0.080997,5.61,0.365189,0.911872,0.592707,223590,430310,No,Yes,0.661738,1.000002,0.835828,1.625320,N/A,not_watertight
439615817_6a362b6b3c_o,20.34,21.69,11.74,84.83,41696.08,189.13,-0.086946,0.013857,1.93,198,158,385,377,27967.73,133.95,-0.082763,0.069724,3.66,0.216881,0.869814,0.696635,34851,63520,No,Yes,1.000000,0.197742,0.343633,0.229251,N/A,not_watertight
4989837054_1d84c31d62_o,34.12,43.71,23.16,86.87,2468.02,31.42,0.859085,0.171773,14.21,54,126,441,409,4319.27,49.08,0.759288,0.073590,11.78,0.437088,0.785221,0.737411,158024,292984,No,Yes,0.550295,0.536568,0.999981,1.052352,N/A,not_watertight
15074048198_c5ff8af6fa_o,15.73,11.35,9.80,86.37,10593.95,87.36,-0.135238,0.017884,7.88,38,110,457,401,12170.00,91.10,-0.184772,0.033494,7.28,0.113511,0.906207,0.727373,103607,189876,No,Yes,0.317129,0.656338,0.999994,0.660261,N/A,not_watertight
100190416_11ead6547f_o,18.42,16.61,11.32,86.23,14720.20,102.54,-0.122642,0.024548,6.45,102,142,385,409,8991.79,77.92,-0.134526,0.076821,8.59,0.166083,0.952377,0.724506,117217,216178,No,Yes,0.679096,0.324728,1.000000,0.821536,N/A,not_watertight
8557270023_66a3c63006_o,20.93,21.52,12.84,85.95,42673.71,201.33,-0.088202,0.016350,1.83,182,150,329,393,23350.01,132.91,-0.082522,0.119002,4.45,0.215221,0.808516,0.718996,54381,102712,No,Yes,0.999983,0.284955,0.119612,0.396236,N/A,not_watertight
6963681645_d040d056a2_o,21.06,21.67,11.45,89.06,49154.05,205.66,-0.039530,0.016356,1.22,70,158,489,377,35709.19,164.36,-0.057633,0.044215,2.60,0.216691,0.852477,0.781106,66199,116152,No,Yes,0.999992,0.325349,0.230204,0.460941,N/A,not_watertight
3729585029_5af861e06a_o,25.29,31.10,10.92,92.43,54509.54,225.61,-0.051158,0.007608,0.77,46,206,481,321,30090.60,148.62,-0.094385,0.038435,3.35,0.310960,0.831253,0.848570,33274,57748,No,Yes,0.141303,0.155274,0.999995,0.235395,N/A,not_watertight
149291028_4548453a07_o,19.46,20.10,10.02,87.08,22301.75,136.38,-0.186272,0.035282,4.65,46,62,465,481,18232.40,119.60,-0.204096,0.052748,5.52,0.201033,0.951685,0.741592,262700,501036,No,Yes,0.724137,0.955964,1.000000,2.057327,N/A,not_watertight
living_1026,31.09,43.70,15.48,87.11,10993.95,91.16,-0.022539,0.144332,7.72,38,110,512,457,8088.20,75.16,-0.055851,0.224340,9.05,0.436983,0.808394,0.742120,35062,62642,No,Yes,0.997665,0.565939,1.000034,3.821872,N/A,not_watertight
living_1044,29.12,40.68,13.81,86.60,13824.56,99.15,-0.025998,0.058866,6.72,46,86,473,449,14109.05,97.57,0.054120,0.094559,6.64,0.406834,0.866058,0.731968,289618,502042,No,Yes,0.822047,0.743937,1.000017,4.292950,N/A,not_watertight
living_1249,16.87,20.30,9.38,74.97,27474.13,149.29,-0.206590,0.019075,3.74,54,70,473,473,21419.00,129.98,-0.214516,0.029508,4.82,0.202951,0.919166,0.499363,209692,381516,No,Yes,0.676869,0.903049,1.000000,1.399024,N/A,not_watertight
living_1004,25.51,25.31,24.73,77.49,10010.29,71.67,0.983673,0.210914,8.13,54,150,417,393,8200.20,67.93,0.952521,0.136568,8.99,0.253071,0.790719,0.549818,276590,501278,No,Yes,1.000028,0.270134,0.964950,2.275220,N/A,not_watertight
living_1179,30.35,43.75,16.11,82.03,13939.71,95.65,-0.117315,0.111441,6.69,94,94,489,441,12774.75,88.41,0.024811,0.212535,7.07,0.437500,0.839778,0.640649,272507,501232,No,Yes,0.999919,0.672668,0.731297,4.032050,N/A,not_watertight
living_1147,25.98,32.39,13.84,87.44,18994.83,115.31,-0.213356,0.063449,5.34,62,142,425,401,7840.70,67.81,-0.102732,0.174006,9.19,0.323850,0.915549,0.748888,262310,501152,No,Yes,0.875856,0.468667,0.999981,2.620631,N/A,not_watertight
living_10,18.10,19.77,11.74,77.49,19471.81,117.80,-0.426222,0.037847,5.24,118,126,377,441,7282.83,71.33,-0.186376,0.121291,9.51,0.197650,0.927190,0.549755,273169,501688,No,Yes,0.999954,0.534454,0.555667,2.751356,N/A,not_watertight
living_1211,21.37,29.52,9.56,78.68,20051.71,125.66,0.053622,0.021323,5.11,46,158,473,353,18393.42,111.69,-0.220389,0.040537,5.48,0.295154,0.943532,0.573661,272993,501430,No,Yes,0.795899,0.214351,1.000004,2.263413,N/A,not_watertight
living_1024,22.57,24.72,15.48,82.43,15059.05,95.98,0.209386,0.067634,6.35,54,118,505,417,8577.25,71.97,0.170294,0.111450,8.80,0.247209,0.836285,0.648537,271047,501676,No,Yes,0.597928,0.578917,1.000044,2.951506,N/A,not_watertight
living_1000,24.78,30.87,15.95,80.28,23024.05,128.79,-0.144060,0.121894,4.51,54,62,441,457,12608.79,93.32,0.016179,0.209854,7.12,0.308734,0.885436,0.605621,259564,501404,No,Yes,0.680599,0.999986,0.941322,3.302201,N/A,not_watertight
living_1261,26.41,31.34,16.39,86.58,10144.96,74.15,-0.087766,0.057231,8.07,62,142,465,401,4397.28,54.27,0.039136,0.133128,11.70,0.313430,0.821313,0.731661,283211,501758,No,Yes,0.627310,0.435031,0.999994,3.118459,N/A,not_watertight
living_1090,21.85,31.63,9.60,76.77,18637.43,120.31,-0.343754,0.024902,5.43,62,174,465,361,13214.95,97.00,-0.301233,0.082531,6.92,0.316302,0.909069,0.535433,278977,501488,No,Yes,0.563659,0.322668,1.000006,2.542734,N/A,not_watertight
living_1145,16.18,16.58,12.50,72.76,25955.29,144.19,-0.152206,0.035074,3.99,62,134,465,417,16732.37,104.31,-0.034277,0.079691,5.90,0.165797,0.906636,0.455187,126165,239604,No,Yes,0.475502,0.603028,1.000002,1.082695,N/A,not_watertight
living_1174,24.04,27.55,17.33,80.43,6327.69,66.28,-0.094119,0.116255,10.12,54,70,441,473,4773.63,56.83,0.040319,0.192788,11.34,0.275531,0.825203,0.608680,281323,502064,No,Yes,0.690575,0.943720,0.999954,5.460654,N/A,not_watertight
living_1117,29.22,42.52,13.51,84.03,19402.63,123.48,-0.171089,0.072821,5.25,38,118,433,457,10843.12,87.57,-0.068932,0.142484,7.78,0.425216,0.889092,0.680576,264020,501410,No,Yes,0.999964,0.543913,0.964694,2.667965,N/A,not_watertight
kitchen_1031,29.24,28.13,26.92,86.08,3639.24,45.49,0.688245,0.189791,12.52,38,54,512,512,3131.48,41.83,0.661811,0.221957,13.17,0.281341,0.654335,0.721581,267810,502526,No,Yes,0.939689,0.938742,0.999914,10.619618,N/A,not_watertight
kitchen_1099,21.45,21.21,16.11,82.60,7619.87,79.81,-0.143934,0.177205,9.31,62,46,433,473,7666.13,80.18,-0.134859,0.292368,9.29,0.212050,0.840032,0.651938,235940,455280,No,Yes,0.285944,0.999995,0.891040,2.187505,N/A,not_watertight
kitchen_1030,16.94,12.26,14.28,81.63,18699.62,128.02,-0.095796,0.052175,5.41,54,126,409,385,13693.53,102.96,-0.011589,0.148442,6.77,0.122559,0.863050,0.632537,150256,281482,No,Yes,0.552921,0.635153,1.000001,1.199354,N/A,not_watertight
kitchen_1189,24.30,25.72,17.65,84.78,26896.17,136.94,0.242887,0.070687,3.83,78,46,457,481,19470.16,115.07,0.384984,0.101681,5.24,0.257244,0.823127,0.695533,267138,501260,No,Yes,0.386184,0.999999,0.862134,3.260558,N/A,not_watertight
kitchen_1134,26.16,36.19,11.40,85.61,14220.15,98.62,-0.212582,0.073034,6.60,110,102,505,497,9791.01,81.49,-0.218128,0.121895,8.22,0.361909,0.820560,0.712214,270559,501356,No,Yes,0.999980,0.726031,0.833281,3.799475,N/A,not_watertight
kitchen_1102,16.27,18.66,10.79,72.46,18602.39,119.84,0.277094,0.021163,5.44,46,142,449,377,17416.53,116.77,-0.098491,0.034669,5.72,0.186599,0.967444,0.449194,23270,41274,No,Yes,0.298585,0.533647,1.000009,0.675837,N/A,not_watertight
kitchen_1193,26.19,37.18,11.22,84.17,25011.48,144.40,-0.211856,0.047929,4.15,94,134,433,449,15854.06,105.88,-0.226689,0.118054,6.13,0.371823,0.915144,0.683402,273085,501830,No,Yes,1.000051,0.588606,0.802851,3.180913,N/A,not_watertight
kitchen_1200,27.95,35.41,16.17,86.59,29673.09,147.15,-0.099963,0.210545,3.41,62,38,465,497,19631.68,116.53,-0.142805,0.298988,5.20,0.354110,0.813475,0.731727,271929,502498,No,Yes,0.478020,0.999992,0.921047,4.913858,N/A,not_watertight
kitchen_1035,12.84,9.29,11.39,72.83,13572.36,95.43,-0.191841,0.008294,6.80,198,46,313,449,5203.10,63.22,-0.124974,0.026772,10.97,0.092904,0.959819,0.456628,6100,9630,No,Yes,0.039909,1.000000,0.221505,0.050054,N/A,not_watertight
kitchen_1003,27.05,32.12,17.14,86.72,10120.07,83.58,-0.095713,0.187193,8.08,38,54,457,489,7747.48,71.42,0.003988,0.269154,9.24,0.321249,0.822750,0.734366,258815,501416,No,Yes,0.373681,0.999988,0.996728,2.897862,N/A,not_watertight
kitchen_1148,21.43,28.22,11.71,77.27,12140.35,92.19,-0.145209,0.042391,7.29,38,46,473,401,10312.53,82.62,-0.087849,0.070763,8.00,0.282243,0.898605,0.545490,305058,501264,No,Yes,1.000043,0.887469,0.365275,3.770504,N/A,not_watertight
kitchen_1162,24.19,27.68,16.10,83.38,14295.27,95.62,0.008677,0.052935,6.58,46,118,489,393,8959.23,76.78,0.243267,0.102848,8.61,0.276786,0.854658,0.667617,196582,363050,No,Yes,0.999950,0.557785,0.390836,1.616526,N/A,not_watertight
kitchen_1029,28.15,42.72,11.03,83.24,21778.32,135.68,-0.132222,0.029278,4.75,86,126,449,425,14763.55,105.52,-0.146332,0.069416,6.44,0.427175,0.935734,0.664726,280247,501766,No,Yes,1.000009,0.510766,0.676468,2.653076,N/A,not_watertight
kitchen_1028,26.32,33.34,17.83,79.24,22088.73,128.53,-0.126540,0.093376,4.69,46,134,465,401,8411.19,69.94,0.163819,0.220476,8.88,0.333424,0.924650,0.584844,202592,394954,No,Yes,0.436524,0.479466,0.999993,1.805777,N/A,not_watertight
19324089973_542ac72d6f_o,34.04,57.45,11.49,82.32,12296.00,88.20,-0.092122,0.028553,7.23,62,110,433,417,10758.79,79.70,-0.089030,0.061745,7.81,0.574468,0.849758,0.646344,47302,88972,No,Yes,0.091393,0.641517,1.000047,0.381347,N/A,not_watertight
15831449986_e6938bf528_o,29.00,35.34,16.40,91.50,7035.93,65.78,0.217291,0.114387,9.66,54,46,449,465,5699.08,58.12,0.084863,0.166895,10.57,0.353387,0.693527,0.830090,116502,221844,No,Yes,0.062407,0.999987,0.977096,0.987829,N/A,not_watertight
15843042109_810b925957_o,29.22,44.14,13.35,81.13,18372.76,128.10,-0.139896,0.036248,5.49,54,174,433,329,10922.16,84.92,-0.120790,0.161332,7.75,0.441418,0.945463,0.622561,43978,81972,No,Yes,0.055356,0.308590,0.999996,0.376254,N/A,not_watertight
16155324722_9d11d48ffc_o,30.02,43.41,11.48,90.34,17284.38,105.13,-0.093491,0.030585,5.75,54,118,441,393,14907.09,96.16,-0.110626,0.071893,6.40,0.434106,0.860982,0.806771,48570,91504,No,Yes,0.061984,0.609982,0.999987,0.392260,N/A,not_watertight
19906119675_2186143a4d_o,33.67,53.76,12.24,86.33,9183.90,72.27,-0.066497,0.042155,8.50,62,94,425,433,8467.27,68.92,-0.059464,0.080425,8.85,0.537591,0.798856,0.726599,35973,66924,No,Yes,0.074983,0.648993,1.000004,0.288659,N/A,not_watertight
15831421306_abc0b5c6bf_o,26.17,31.24,16.92,84.52,11021.04,87.67,-0.001843,0.044936,7.71,54,166,449,345,9284.99,74.51,0.226854,0.148162,8.45,0.312395,0.908416,0.690351,59153,110346,No,Yes,0.017238,0.398317,0.999995,0.538723,N/A,not_watertight
19667654424_662b25a4d3_o,20.19,22.66,10.56,84.53,8932.93,78.51,-0.121577,0.009196,8.62,62,150,441,369,7833.98,71.30,-0.098721,0.024710,9.19,0.226588,0.904335,0.690506,42355,77828,No,Yes,0.074207,0.421957,1.000037,0.332200,N/A,not_watertight
5075275649_c015fcbae9_o,21.07,21.95,11.78,87.91,13601.16,109.69,-0.073631,0.018876,6.80,46,150,449,353,11214.45,92.96,-0.054183,0.057238,7.63,0.219506,0.898065,0.758217,77512,144172,No,Yes,0.234016,0.537840,1.000001,0.548216,N/A,not_watertight
19832075215_0c2b3f81c1_o,15.94,11.23,12.14,82.96,12736.09,89.02,-0.098351,0.017997,7.08,198,102,329,449,16699.70,106.20,-0.061680,0.077123,5.90,0.112284,0.995141,0.659196,42200,80030,No,Yes,0.999993,0.598511,0.045433,0.388515,N/A,not_watertight
19554937106_af445a7df5_o,23.19,30.58,12.18,80.43,15555.89,118.47,-0.176165,0.008191,6.21,214,166,305,361,10874.46,93.77,-0.148315,0.122363,7.77,0.305820,0.957543,0.608625,51310,96314,No,Yes,1.000003,0.157349,0.251501,0.335634,N/A,not_watertight
16574980597_9b4e877623_o,24.51,33.11,10.92,84.48,16793.36,118.95,-0.175987,0.007178,5.88,54,214,449,297,12605.20,95.72,-0.126333,0.054753,7.13,0.331078,1.031463,0.689626,39666,73904,No,Yes,0.214235,0.073368,1.000002,0.328368,N/A,not_watertight
4121917051_0ec8c10f32_o,23.24,26.18,12.29,89.28,5729.65,62.85,-0.090403,0.020488,10.55,54,206,441,321,6806.21,65.75,-0.094265,0.100129,9.80,0.261842,0.875956,0.785627,46321,86890,No,Yes,0.220696,0.197254,0.999994,0.333529,N/A,not_watertight
8210802253_1deca73f17_o,20.93,13.31,17.93,92.15,12661.79,97.94,0.167691,0.029887,7.11,38,118,449,377,10246.85,83.02,0.493198,0.060216,8.02,0.133066,0.856076,0.842999,70851,133638,No,Yes,0.280545,0.688147,0.999989,0.508871,N/A,not_watertight
19688793649_b4e50f1b97_o,21.38,25.39,12.57,80.99,8135.12,76.30,-0.115797,0.069021,9.03,62,110,433,409,9531.39,77.74,-0.188758,0.159937,8.34,0.253872,0.889239,0.619856,91869,172680,No,Yes,0.136309,0.632678,1.000005,0.788376,N/A,not_watertight
15933264296_158a3fd419_o,21.01,22.26,12.38,85.79,15981.85,109.83,-0.203702,0.037845,6.09,54,118,473,409,13948.58,95.03,-0.044879,0.079683,6.69,0.222616,0.846728,0.715851,220852,420798,No,Yes,0.524899,0.647181,0.999999,1.644343,N/A,not_watertight
